net,length_um
rst_ni,8.10302mm
s_araddr\[101\],5.003825mm
s_wdata\[121\],4.96224mm
s_bresp\[6\],4.94448mm
s_bvalid\[3\],4.9392mm
s_bresp\[7\],4.93272mm
s_bready\[3\],4.91748mm
s_araddr\[107\],4.91615mm
s_araddr\[106\],4.91567mm
s_wdata\[100\],4.91527mm
s_araddr\[104\],4.90619mm
s_araddr\[105\],4.87571mm
s_rdata\[102\],4.870625mm
s_wstrb\[13\],4.867595mm
s_awaddr\[124\],4.85544mm
s_wdata\[116\],4.85425mm
s_wvalid\[3\],4.851395mm
s_rdata\[109\],4.851185mm
s_rdata\[96\],4.84475mm
s_wready\[3\],4.84402mm
s_awaddr\[125\],4.8432mm
s_araddr\[102\],4.834025mm
s_araddr\[123\],4.82798mm
s_awaddr\[127\],4.82748mm
s_wstrb\[14\],4.825735mm
s_awaddr\[126\],4.82424mm
s_wdata\[108\],4.82383mm
s_wdata\[96\],4.8102mm
s_wdata\[111\],4.807365mm
s_wdata\[106\],4.805445mm
s_rdata\[115\],4.799945mm
s_wdata\[120\],4.787165mm
s_wdata\[119\],4.783735mm
s_awaddr\[114\],4.7766mm
s_awaddr\[108\],4.7748mm
s_awaddr\[112\],4.77384mm
s_wdata\[97\],4.772425mm
s_awvalid\[3\],4.76918mm
s_rdata\[107\],4.766825mm
s_awready\[3\],4.76398mm
s_rdata\[98\],4.759505mm
s_wdata\[115\],4.758905mm
s_awaddr\[122\],4.7556mm
s_awaddr\[115\],4.75512mm
s_araddr\[99\],4.75331mm
s_wdata\[125\],4.747965mm
s_awaddr\[120\],4.746mm
s_awaddr\[117\],4.74504mm
s_awaddr\[118\],4.7418mm
s_wdata\[118\],4.7256mm
s_rdata\[101\],4.725155mm
s_wstrb\[15\],4.71904mm
s_awaddr\[116\],4.71888mm
s_wdata\[101\],4.715585mm
s_awaddr\[113\],4.70964mm
s_wdata\[123\],4.709545mm
s_rdata\[119\],4.70411mm
s_awaddr\[123\],4.70328mm
s_rdata\[114\],4.70304mm
s_rdata\[117\],4.700305mm
s_wdata\[127\],4.69692mm
s_wdata\[102\],4.694945mm
s_araddr\[121\],4.694105mm
s_awaddr\[119\],4.69152mm
s_awaddr\[121\],4.68552mm
s_wdata\[113\],4.685305mm
s_wdata\[110\],4.679545mm
s_araddr\[100\],4.67853mm
s_araddr\[96\],4.67517mm
s_awaddr\[109\],4.66721mm
s_awaddr\[106\],4.665145mm
s_awaddr\[99\],4.66089mm
s_awaddr\[110\],4.66057mm
s_awaddr\[111\],4.64905mm
s_araddr\[118\],4.647045mm
s_araddr\[117\],4.646195mm
s_wdata\[112\],4.643905mm
s_araddr\[116\],4.641035mm
s_wdata\[103\],4.636705mm
s_awaddr\[105\],4.635535mm
s_rdata\[116\],4.635375mm
s_wdata\[124\],4.631665mm
s_wdata\[122\],4.628665mm
s_wdata\[98\],4.62479mm
s_wdata\[105\],4.620385mm
s_wdata\[109\],4.60617mm
s_araddr\[119\],4.604205mm
s_rvalid\[3\],4.597335mm
s_araddr\[114\],4.59681mm
s_wdata\[104\],4.591585mm
s_araddr\[122\],4.586085mm
s_araddr\[112\],4.58229mm
s_wdata\[107\],4.578025mm
s_araddr\[98\],4.571685mm
s_rdata\[103\],4.569875mm
s_wdata\[126\],4.56766mm
s_araddr\[110\],4.56729mm
s_rdata\[120\],4.563615mm
s_awaddr\[103\],4.560505mm
s_araddr\[120\],4.558965mm
s_araddr\[109\],4.557405mm
s_awaddr\[107\],4.557265mm
s_rdata\[100\],4.554825mm
s_araddr\[97\],4.55228mm
s_awaddr\[104\],4.552085mm
s_araddr\[108\],4.551755mm
s_araddr\[103\],4.549955mm
s_rdata\[106\],4.54807mm
s_rdata\[127\],4.54743mm
s_rdata\[121\],4.543665mm
s_arready\[3\],4.54354mm
s_araddr\[111\],4.543235mm
s_awaddr\[100\],4.540465mm
s_araddr\[127\],4.53981mm
s_araddr\[125\],4.53501mm
s_rdata\[99\],4.53079mm
s_araddr\[113\],4.52589mm
s_wdata\[114\],4.52477mm
s_araddr\[124\],4.52457mm
s_wstrb\[12\],4.523425mm
s_araddr\[115\],4.51593mm
s_rdata\[97\],4.514625mm
s_rdata\[110\],4.51423mm
s_rdata\[108\],4.512915mm
s_araddr\[126\],4.50957mm
s_awaddr\[98\],4.50718mm
s_arvalid\[3\],4.501845mm
s_wdata\[99\],4.4971mm
s_rdata\[104\],4.49587mm
s_rdata\[105\],4.48517mm
s_rresp\[7\],4.48269mm
s_rdata\[122\],4.48173mm
s_wdata\[117\],4.47814mm
s_rdata\[111\],4.4778mm
s_awaddr\[96\],4.47479mm
s_rdata\[125\],4.46448mm
s_rresp\[6\],4.45mm
s_rdata\[118\],4.44513mm
s_awaddr\[101\],4.4371mm
s_rdata\[124\],4.426915mm
s_rdata\[112\],4.42315mm
s_awaddr\[102\],4.41862mm
s_rdata\[126\],4.41742mm
s_rdata\[113\],4.41052mm
s_rdata\[123\],4.406495mm
s_awaddr\[97\],4.4023mm
s_rready\[3\],4.3388mm
boot_wdata\[30\],3.114235mm
clknet_1_0_0_clk_i,3.097595mm
boot_wdata\[22\],3.044175mm
boot_wdata\[31\],3.03478mm
boot_wdata\[23\],3.033035mm
boot_wdata\[14\],3.027295mm
boot_wdata\[29\],2.985295mm
boot_wdata\[15\],2.97549mm
boot_wdata\[28\],2.946295mm
boot_wdata\[6\],2.942625mm
boot_addr\[21\],2.93496mm
boot_wdata\[21\],2.90938mm
boot_wdata\[27\],2.908135mm
boot_wdata\[7\],2.891405mm
boot_addr\[27\],2.870625mm
boot_addr\[24\],2.870435mm
boot_wdata\[20\],2.86812mm
boot_addr\[26\],2.86365mm
boot_addr\[28\],2.862965mm
boot_wdata\[26\],2.862415mm
boot_addr\[29\],2.856065mm
boot_addr\[25\],2.854925mm
boot_addr\[30\],2.85405mm
boot_addr\[31\],2.852285mm
s_wstrb\[1\],2.85048mm
boot_addr\[22\],2.842835mm
boot_addr\[23\],2.833155mm
boot_wdata\[19\],2.83138mm
boot_wdata\[13\],2.82166mm
boot_wdata\[25\],2.81842mm
s_wstrb\[2\],2.81068mm
boot_wdata\[24\],2.80908mm
boot_wdata\[12\],2.800255mm
boot_wdata\[18\],2.792335mm
s_wdata\[25\],2.79079mm
s_wdata\[20\],2.78371mm
boot_wdata\[5\],2.772535mm
boot_wdata\[11\],2.76872mm
boot_addr\[20\],2.748245mm
boot_wdata\[16\],2.747mm
boot_wdata\[17\],2.74104mm
s_awready\[0\],2.73706mm
boot_wdata\[4\],2.736055mm
boot_wdata\[10\],2.723095mm
boot_wdata\[3\],2.7215mm
s_wdata\[31\],2.70535mm
boot_addr\[17\],2.70141mm
s_wdata\[15\],2.699835mm
s_wready\[0\],2.696575mm
s_bresp\[0\],2.69654mm
boot_wdata\[8\],2.693815mm
s_wstrb\[3\],2.685535mm
boot_wdata\[9\],2.68272mm
boot_addr\[16\],2.67933mm
s_bresp\[1\],2.6791mm
boot_wdata\[2\],2.673175mm
s_bvalid\[0\],2.66582mm
boot_addr\[14\],2.649005mm
s_wdata\[22\],2.64847mm
clk_i,2.64781mm
boot_addr\[1\],2.643875mm
boot_addr\[15\],2.642525mm
boot_wdata\[0\],2.629615mm
s_wdata\[24\],2.604185mm
s_wdata\[12\],2.596735mm
boot_addr\[0\],2.593835mm
s_wdata\[23\],2.59267mm
boot_wdata\[1\],2.5921mm
s_rdata\[0\],2.58377mm
s_wdata\[29\],2.565395mm
s_wdata\[4\],2.55792mm
s_wdata\[27\],2.5564mm
s_wdata\[19\],2.544385mm
s_rdata\[5\],2.538385mm
boot_addr\[13\],2.532695mm
s_wdata\[1\],2.531405mm
net1,2.514965mm
s_rdata\[2\],2.5129mm
boot_addr\[12\],2.50872mm
boot_addr\[19\],2.49923mm
boot_addr\[18\],2.49431mm
s_wdata\[10\],2.48932mm
boot_addr\[11\],2.48686mm
s_wdata\[28\],2.480615mm
clknet_1_1_0_clk_i,2.480515mm
boot_addr\[10\],2.47822mm
s_rdata\[6\],2.47611mm
s_wdata\[26\],2.468255mm
s_wdata\[30\],2.467975mm
s_wdata\[6\],2.465155mm
s_araddr\[11\],2.45923mm
s_wdata\[5\],2.450785mm
s_wdata\[7\],2.44084mm
s_araddr\[9\],2.42991mm
s_wdata\[14\],2.42354mm
s_wdata\[16\],2.42162mm
s_awaddr\[30\],2.419915mm
boot_addr\[4\],2.4187mm
s_wdata\[17\],2.4131mm
boot_addr\[8\],2.412595mm
s_arready\[0\],2.409615mm
s_wstrb\[0\],2.409575mm
s_wdata\[0\],2.40322mm
boot_addr\[9\],2.402925mm
s_awaddr\[31\],2.39623mm
boot_addr\[6\],2.394865mm
s_wdata\[11\],2.391935mm
s_rdata\[13\],2.390425mm
boot_addr\[7\],2.389945mm
s_araddr\[10\],2.3874mm
boot_addr\[5\],2.385325mm
s_wdata\[8\],2.376335mm
s_awaddr\[29\],2.36851mm
s_wdata\[9\],2.364455mm
s_rdata\[19\],2.36086mm
s_araddr\[8\],2.350585mm
boot_addr\[3\],2.3503mm
s_wdata\[18\],2.34545mm
s_awaddr\[28\],2.345325mm
s_wdata\[13\],2.34497mm
s_rdata\[4\],2.339295mm
s_awaddr\[18\],2.33779mm
s_wdata\[2\],2.337565mm
s_araddr\[5\],2.336595mm
s_araddr\[27\],2.333995mm
s_awaddr\[16\],2.33035mm
boot_addr\[2\],2.32562mm
s_rdata\[1\],2.323905mm
s_rdata\[18\],2.321185mm
s_awaddr\[19\],2.32015mm
s_araddr\[25\],2.31356mm
s_awaddr\[26\],2.31283mm
s_awaddr\[17\],2.29867mm
s_rdata\[3\],2.295345mm
s_wdata\[21\],2.29104mm
s_araddr\[23\],2.28461mm
s_awaddr\[23\],2.27635mm
s_awaddr\[25\],2.26951mm
s_awaddr\[24\],2.26303mm
s_awaddr\[22\],2.25727mm
s_rdata\[7\],2.256465mm
s_araddr\[22\],2.24724mm
s_rdata\[21\],2.24691mm
s_awaddr\[21\],2.24251mm
s_wdata\[3\],2.242375mm
s_araddr\[26\],2.234695mm
s_rdata\[12\],2.230215mm
s_rdata\[8\],2.229515mm
s_rdata\[10\],2.228625mm
s_araddr\[3\],2.22028mm
s_araddr\[24\],2.218375mm
s_araddr\[6\],2.21335mm
s_rdata\[14\],2.210985mm
s_rdata\[11\],2.2052mm
s_awaddr\[27\],2.203915mm
s_araddr\[31\],2.201015mm
s_araddr\[21\],2.191495mm
s_awaddr\[10\],2.18652mm
s_araddr\[29\],2.185295mm
s_araddr\[30\],2.182655mm
s_awaddr\[14\],2.178815mm
s_araddr\[20\],2.178055mm
s_rdata\[20\],2.17722mm
s_araddr\[28\],2.176175mm
s_awaddr\[13\],2.16499mm
s_awaddr\[15\],2.164755mm
s_rdata\[9\],2.146625mm
s_araddr\[19\],2.14538mm
s_awaddr\[3\],2.14248mm
s_awaddr\[20\],2.137055mm
s_awaddr\[12\],2.13631mm
s_araddr\[18\],2.13458mm
s_araddr\[0\],2.128245mm
s_rdata\[15\],2.126175mm
s_araddr\[17\],2.122055mm
s_araddr\[16\],2.113775mm
s_araddr\[13\],2.111015mm
s_rdata\[17\],2.094705mm
s_araddr\[4\],2.094215mm
s_araddr\[15\],2.084475mm
s_araddr\[12\],2.083965mm
s_araddr\[14\],2.073695mm
s_rdata\[23\],2.072835mm
s_awaddr\[9\],2.059385mm
s_rdata\[16\],2.044665mm
s_araddr\[7\],2.040095mm
s_rdata\[22\],2.028245mm
s_awaddr\[11\],2.02474mm
s_rdata\[25\],2.023515mm
s_rdata\[26\],2.017815mm
s_araddr\[2\],2.01514mm
s_rvalid\[0\],1.9983mm
s_awaddr\[7\],1.99498mm
s_rdata\[24\],1.99114mm
s_awaddr\[4\],1.98372mm
s_araddr\[1\],1.981175mm
s_awaddr\[0\],1.978035mm
s_awaddr\[8\],1.960135mm
cpu_araddr\[5\],1.93487mm
s_rdata\[29\],1.923965mm
s_rdata\[27\],1.913995mm
s_rdata\[28\],1.904755mm
s_rdata\[31\],1.8968mm
s_awaddr\[2\],1.89188mm
s_rresp\[0\],1.87891mm
s_awaddr\[6\],1.876615mm
s_rresp\[1\],1.868295mm
s_rdata\[30\],1.866455mm
s_awaddr\[5\],1.858375mm
s_awaddr\[1\],1.836295mm
cpu_araddr\[10\],1.815975mm
cpu_araddr\[8\],1.800275mm
cpu_araddr\[9\],1.78183mm
boot_we,1.765115mm
cpu_araddr\[3\],1.756835mm
cpu_araddr\[11\],1.742075mm
cpu_araddr\[6\],1.72571mm
s_awvalid\[0\],1.71451mm
cpu_arready,1.688915mm
cpu_araddr\[0\],1.687915mm
s_wvalid\[0\],1.67187mm
cpu_araddr\[4\],1.649655mm
cpu_araddr\[1\],1.594695mm
cpu_arprot\[0\],1.58525mm
cpu_arvalid,1.578235mm
cpu_araddr\[2\],1.55751mm
cpu_araddr\[27\],1.54091mm
cpu_araddr\[7\],1.521135mm
s_awaddr\[43\],1.509485mm
s_bready\[0\],1.50631mm
cpu_rdata\[0\],1.50489mm
s_awaddr\[39\],1.49845mm
s_awaddr\[41\],1.49461mm
s_awaddr\[36\],1.471445mm
cpu_araddr\[21\],1.46961mm
cpu_araddr\[23\],1.45329mm
cpu_arprot\[2\],1.449395mm
cpu_rvalid,1.44595mm
cpu_araddr\[24\],1.43941mm
cpu_araddr\[22\],1.43745mm
cpu_araddr\[20\],1.432555mm
cpu_araddr\[25\],1.412875mm
cpu_araddr\[14\],1.411105mm
cpu_araddr\[17\],1.408705mm
cpu_araddr\[13\],1.406305mm
cpu_rdata\[2\],1.40207mm
cpu_araddr\[19\],1.401745mm
cpu_rdata\[6\],1.40136mm
cpu_araddr\[12\],1.401025mm
s_wdata\[41\],1.400165mm
cpu_araddr\[15\],1.3996mm
cpu_araddr\[26\],1.394875mm
s_wdata\[46\],1.388045mm
cpu_araddr\[16\],1.381365mm
cpu_rdata\[5\],1.379255mm
s_wdata\[40\],1.375515mm
s_wdata\[48\],1.373765mm
s_awaddr\[35\],1.367335mm
s_wdata\[49\],1.365365mm
s_wdata\[39\],1.36278mm
cpu_araddr\[18\],1.361965mm
s_awaddr\[42\],1.357525mm
s_wdata\[37\],1.351355mm
s_wdata\[51\],1.350985mm
s_wdata\[42\],1.34372mm
s_wdata\[58\],1.342085mm
s_wdata\[43\],1.341845mm
cpu_rdata\[13\],1.341125mm
s_wstrb\[7\],1.327475mm
s_wdata\[56\],1.32617mm
s_wdata\[60\],1.315325mm
s_wdata\[59\],1.314985mm
cpu_rdata\[21\],1.312355mm
s_arvalid\[0\],1.308095mm
cpu_rdata\[11\],1.308mm
s_wdata\[55\],1.305625mm
s_wdata\[61\],1.305505mm
cpu_rdata\[18\],1.295555mm
cpu_rdata\[7\],1.29441mm
cpu_araddr\[28\],1.280775mm
s_wdata\[36\],1.27073mm
cpu_araddr\[29\],1.270155mm
s_wdata\[33\],1.26979mm
cpu_arprot\[1\],1.268875mm
cpu_araddr\[31\],1.259305mm
s_wdata\[47\],1.253425mm
cpu_rdata\[19\],1.25222mm
cpu_araddr\[30\],1.250595mm
s_awaddr\[48\],1.24546mm
s_araddr\[35\],1.24301mm
s_awaddr\[49\],1.23766mm
cpu_rdata\[4\],1.236135mm
cpu_rdata\[3\],1.23105mm
s_awaddr\[38\],1.22668mm
s_awaddr\[60\],1.2241mm
cpu_rst_n,1.221725mm
s_awaddr\[37\],1.22008mm
s_awaddr\[50\],1.21306mm
s_awaddr\[61\],1.21042mm
s_wvalid\[1\],1.210135mm
s_awaddr\[51\],1.20862mm
s_araddr\[36\],1.20627mm
cpu_rdata\[1\],1.206135mm
s_awaddr\[33\],1.2058mm
cpu_rdata\[8\],1.20561mm
cpu_rdata\[23\],1.202795mm
s_wstrb\[5\],1.202425mm
cpu_rready,1.200995mm
s_araddr\[41\],1.19717mm
s_awaddr\[63\],1.19482mm
s_wdata\[52\],1.19266mm
s_awaddr\[62\],1.19254mm
cpu_rdata\[10\],1.19217mm
cpu_rdata\[9\],1.188975mm
s_araddr\[40\],1.18733mm
cpu_bready,1.18415mm
cpu_rdata\[20\],1.178215mm
s_awaddr\[45\],1.17814mm
s_rready\[2\],1.177475mm
s_wready\[1\],1.17606mm
s_wstrb\[6\],1.17571mm
cpu_rdata\[12\],1.172055mm
s_awaddr\[46\],1.16866mm
s_awready\[1\],1.16662mm
s_wstrb\[4\],1.16546mm
s_rdata\[36\],1.16115mm
s_arready\[1\],1.16091mm
s_rdata\[94\],1.15991mm
s_araddr\[42\],1.15805mm
s_wdata\[57\],1.15786mm
s_wdata\[44\],1.15631mm
s_araddr\[50\],1.15611mm
s_awvalid\[1\],1.15258mm
s_rdata\[44\],1.15239mm
s_araddr\[48\],1.14783mm
s_araddr\[49\],1.14135mm
s_rready\[0\],1.140095mm
s_araddr\[43\],1.14005mm
s_awaddr\[47\],1.13902mm
s_rdata\[55\],1.13703mm
s_awaddr\[59\],1.13446mm
s_awaddr\[65\],1.13029mm
s_wdata\[53\],1.13012mm
s_awaddr\[34\],1.13008mm
s_rdata\[63\],1.12972mm
s_awaddr\[69\],1.129705mm
s_rdata\[80\],1.12775mm
s_rdata\[37\],1.12361mm
cpu_rdata\[15\],1.123395mm
s_rresp\[4\],1.122515mm
s_awaddr\[54\],1.12054mm
s_wdata\[35\],1.11945mm
s_awaddr\[44\],1.11874mm
s_wdata\[50\],1.11464mm
cpu_rdata\[14\],1.11441mm
s_araddr\[33\],1.11219mm
cpu_wstrb\[1\],1.11119mm
s_rdata\[32\],1.11041mm
s_awaddr\[57\],1.10974mm
s_awaddr\[53\],1.10818mm
s_rdata\[91\],1.108mm
s_araddr\[46\],1.10559mm
s_rdata\[92\],1.103195mm
s_awaddr\[32\],1.09909mm
s_rdata\[52\],1.09853mm
s_rdata\[65\],1.09847mm
s_araddr\[60\],1.09779mm
s_awaddr\[40\],1.09702mm
cpu_rdata\[16\],1.09617mm
s_rdata\[81\],1.09331mm
s_araddr\[63\],1.09227mm
s_bresp\[3\],1.08893mm
s_awaddr\[52\],1.08658mm
s_rdata\[95\],1.086515mm
s_rdata\[93\],1.085795mm
s_rdata\[50\],1.08557mm
s_awaddr\[70\],1.081845mm
s_awaddr\[55\],1.08166mm
s_rdata\[86\],1.080875mm
s_wdata\[38\],1.0801mm
s_araddr\[37\],1.079165mm
cpu_bvalid,1.078935mm
s_rresp\[3\],1.07712mm
s_awaddr\[58\],1.07674mm
s_rdata\[57\],1.07511mm
s_bresp\[2\],1.07371mm
s_rdata\[73\],1.073435mm
s_wdata\[32\],1.07314mm
s_rdata\[33\],1.073075mm
s_awaddr\[56\],1.07302mm
s_rresp\[5\],1.068515mm
s_araddr\[62\],1.06743mm
s_rdata\[41\],1.06731mm
s_rdata\[79\],1.066955mm
cpu_wstrb\[3\],1.063835mm
cpu_wstrb\[2\],1.063715mm
s_arvalid\[1\],1.063495mm
s_rdata\[58\],1.06323mm
s_rvalid\[1\],1.06289mm
s_bvalid\[1\],1.06186mm
s_araddr\[34\],1.060665mm
s_araddr\[61\],1.06023mm
s_araddr\[51\],1.05879mm
s_rdata\[54\],1.05879mm
cpu_rdata\[17\],1.05825mm
clknet_0_clk_i,1.05782mm
s_araddr\[94\],1.057705mm
s_rdata\[78\],1.05635mm
s_rdata\[82\],1.05526mm
cpu_rdata\[25\],1.054575mm
s_rdata\[72\],1.05431mm
s_rdata\[67\],1.05323mm
s_araddr\[92\],1.051115mm
s_arvalid\[2\],1.0483mm
s_araddr\[93\],1.046795mm
s_araddr\[95\],1.046795mm
s_rresp\[2\],1.0451mm
s_bready\[1\],1.0423mm
s_wdata\[82\],1.04109mm
cpu_wdata\[25\],1.04063mm
s_wdata\[62\],1.04mm
s_araddr\[79\],1.03726mm
s_rdata\[60\],1.03455mm
s_rdata\[61\],1.03455mm
cpu_rdata\[22\],1.032375mm
s_wdata\[34\],1.03172mm
s_wdata\[54\],1.0309mm
s_araddr\[76\],1.0303mm
s_araddr\[78\],1.029235mm
s_rdata\[71\],1.02851mm
s_wdata\[85\],1.028415mm
cpu_wdata\[20\],1.02503mm
s_araddr\[39\],1.024065mm
s_rdata\[62\],1.022395mm
s_wstrb\[8\],1.018615mm
s_rdata\[74\],1.01819mm
s_wdata\[63\],1.01782mm
s_awaddr\[66\],1.01749mm
cpu_wdata\[31\],1.01699mm
s_awaddr\[72\],1.01497mm
s_araddr\[44\],1.014345mm
cpu_rdata\[24\],1.014015mm
s_araddr\[65\],1.012915mm
s_araddr\[47\],1.012545mm
s_araddr\[66\],1.00931mm
cpu_rdata\[26\],1.007295mm
s_wdata\[67\],1.003375mm
s_wdata\[45\],1.001mm
s_awaddr\[71\],999.335µm
s_rdata\[88\],998.195µm
s_araddr\[71\],998.03µm
s_araddr\[80\],995.555µm
s_araddr\[82\],994.235µm
cpu_wdata\[29\],993.515µm
s_araddr\[81\],992.435µm
s_rdata\[68\],989.575µm
s_araddr\[83\],988.475µm
s_araddr\[77\],987.83µm
s_araddr\[90\],986.03µm
s_awaddr\[68\],984.895µm
s_araddr\[45\],983.985µm
s_araddr\[84\],982.42µm
s_wdata\[72\],978.415µm
s_wdata\[78\],974.445µm
s_rdata\[47\],973.45µm
s_araddr\[88\],972.95µm
s_awaddr\[64\],971.79µm
s_wdata\[75\],970.42µm
cpu_wdata\[24\],969.395µm
s_rdata\[45\],969.075µm
s_rdata\[90\],967.745µm
s_rdata\[89\],966.895µm
s_araddr\[85\],959.87µm
cpu_wdata\[23\],956.795µm
s_awaddr\[75\],955.555µm
s_rdata\[56\],951.16µm
s_rdata\[59\],950.84µm
s_rvalid\[2\],949.88µm
cpu_rdata\[29\],945.615µm
s_rdata\[83\],945.475µm
s_wdata\[73\],942.665µm
s_wdata\[66\],941.77µm
s_araddr\[32\],938.985µm
cpu_wdata\[15\],937.475µm
s_rready\[1\],937.355µm
cpu_rdata\[28\],937.335µm
s_araddr\[55\],932.865µm
cpu_rdata\[31\],930.885µm
cpu_wdata\[12\],929.87µm
s_rdata\[84\],929µm
s_rdata\[35\],928.305µm
s_araddr\[52\],927.945µm
s_araddr\[68\],923.515µm
s_wdata\[92\],919.865µm
s_wdata\[81\],919.075µm
s_araddr\[86\],918.11µm
s_araddr\[38\],917.885µm
s_awaddr\[73\],917.595µm
s_rdata\[38\],915.365µm
s_wdata\[80\],915.365µm
s_awaddr\[85\],913.83µm
s_rdata\[87\],912.56µm
s_rdata\[53\],911.115µm
s_awaddr\[84\],910.71µm
s_araddr\[87\],907.43µm
s_awaddr\[89\],906.99µm
s_wdata\[77\],904.21µm
s_rdata\[48\],903.13µm
s_araddr\[56\],898.665µm
s_rdata\[34\],898.185µm
s_araddr\[53\],897.585µm
s_wdata\[90\],895.145µm
s_rdata\[40\],890.65µm
s_rdata\[39\],890.145µm
s_araddr\[58\],889.785µm
s_wdata\[94\],888.25µm
s_araddr\[89\],887.28µm
s_rdata\[66\],886.555µm
s_awaddr\[76\],884.91µm
cpu_rdata\[27\],884.535µm
s_araddr\[91\],883.08µm
s_awaddr\[88\],882.03µm
s_rdata\[51\],881.415µm
s_awaddr\[86\],880.03µm
s_rdata\[76\],879.08µm
s_araddr\[54\],878.745µm
s_rdata\[49\],878.625µm
s_wdata\[64\],878.575µm
s_araddr\[64\],875.15µm
s_rdata\[43\],874.545µm
s_rdata\[75\],869.545µm
cpu_wdata\[22\],869.13µm
cpu_awaddr\[28\],865.79µm
s_rdata\[46\],864.105µm
s_awaddr\[91\],863.67µm
s_awaddr\[79\],862.35µm
s_araddr\[59\],861.605µm
cpu_wvalid,861.47µm
s_awaddr\[87\],861.27µm
cpu_wdata\[27\],861.015µm
s_awaddr\[78\],860.07µm
cpu_rdata\[30\],857.295µm
s_wdata\[70\],857.19µm
cpu_wdata\[4\],855.755µm
s_araddr\[57\],850.685µm
s_awaddr\[90\],849.63µm
cpu_wdata\[19\],846.995µm
s_wdata\[71\],844.045µm
s_rdata\[85\],842.24µm
s_awaddr\[74\],841.755µm
s_wdata\[69\],839.835µm
s_araddr\[70\],838.56µm
s_awaddr\[67\],837.82µm
s_wdata\[83\],828.315µm
s_wdata\[87\],828.315µm
s_wdata\[74\],826.395µm
s_wdata\[86\],824.79µm
cpu_wdata\[26\],823.815µm
s_rdata\[69\],823.04µm
s_rdata\[77\],821.89µm
s_awvalid\[2\],820.47µm
s_arready\[2\],819.535µm
s_rdata\[42\],818.505µm
cpu_wdata\[1\],818.075µm
s_wdata\[91\],815.835µm
cpu_wdata\[30\],814.41µm
cpu_wdata\[10\],814.255µm
s_wstrb\[11\],811.9µm
cpu_awaddr\[31\],811.66µm
s_awaddr\[81\],811.47µm
cpu_wdata\[28\],810.015µm
s_wdata\[95\],802.47µm
s_rdata\[64\],801.21µm
s_awready\[2\],798.39µm
s_awaddr\[83\],796.71µm
cpu_wdata\[6\],795.23µm
s_awaddr\[82\],792.75µm
cpu_awaddr\[19\],788.75µm
s_awaddr\[77\],784.71µm
s_araddr\[67\],783.295µm
s_awaddr\[95\],781.23µm
s_wdata\[93\],780.315µm
s_awaddr\[93\],774.99µm
cpu_awaddr\[30\],773.99µm
cpu_wdata\[17\],773.775µm
s_wdata\[88\],770.715µm
cpu_awaddr\[29\],769.31µm
cpu_wdata\[16\],767.655µm
cpu_wready,764.415µm
s_rdata\[70\],763.195µm
s_awaddr\[80\],762.15µm
s_awaddr\[92\],757.59µm
cpu_wstrb\[0\],756.375µm
s_wdata\[68\],755.355µm
s_wdata\[79\],754.955µm
cpu_wdata\[5\],751.715µm
cpu_wdata\[14\],751.215µm
s_wdata\[65\],745.86µm
s_araddr\[73\],739.855µm
s_wstrb\[10\],739.395µm
s_bready\[2\],737.07µm
s_araddr\[75\],736.255µm
cpu_awaddr\[17\],735.59µm
s_awaddr\[94\],734.43µm
s_wdata\[76\],733.11µm
cpu_wdata\[13\],731.85µm
s_bresp\[4\],724.35µm
s_bvalid\[2\],723.03µm
s_bresp\[5\],714.87µm
cpu_awaddr\[16\],708.11µm
s_wvalid\[2\],706.395µm
s_wdata\[89\],705.63µm
s_araddr\[74\],702.055µm
s_wstrb\[9\],691.075µm
s_wdata\[84\],690.39µm
cpu_awaddr\[18\],688.55µm
cpu_wdata\[7\],682.335µm
s_wready\[2\],680.38µm
cpu_awaddr\[3\],678.68µm
s_araddr\[72\],677.815µm
cpu_awaddr\[13\],677.81µm
s_araddr\[69\],676.44µm
cpu_wdata\[9\],676.095µm
cpu_awprot\[1\],667.07µm
cpu_wdata\[11\],662.295µm
cpu_wdata\[8\],661.575µm
gpio2_out[9],656.455µm
cpu_wdata\[18\],654.955µm
cpu_awaddr\[10\],654.495µm
gpio2_out[25],654.195µm
cpu_awaddr\[24\],653.655µm
cpu_wdata\[21\],653.13µm
cpu_awaddr\[26\],649.55µm
gpio2_out[22],645.785µm
gpio2_out[14],645.655µm
gpio2_out[20],645.175µm
cpu_awaddr\[27\],644.27µm
gpio2_out[18],642.185µm
gpio2_out[16],640.375µm
cpu_awaddr\[15\],639.35µm
cpu_wdata\[0\],637.675µm
gpio2_dir[1],636.055µm
cpu_awaddr\[25\],634.8µm
gpio2_out[19],632.32µm
gpio2_out[21],631.625µm
gpio2_out[30],630.175µm
gpio2_out[27],629.335µm
cpu_wdata\[2\],628.17µm
gpio2_out[17],626.215µm
gpio2_out[23],621.305µm
gpio2_out[24],620.575µm
cpu_awaddr\[20\],620.51µm
cpu_awaddr\[9\],616.795µm
gpio2_out[28],616.495µm
gpio2_out[10],616.035µm
gpio2_out[8],614.215µm
gpio2_out[3],612.895µm
gpio2_out[13],611.475µm
gpio2_out[6],605.215µm
gpio2_out[31],605.135µm
cpu_awaddr\[22\],603.35µm
gpio2_out[4],602.105µm
gpio2_out[26],601.975µm
gpio2_dir[0],598.855µm
gpio2_out[15],597.195µm
cpu_awaddr\[23\],594.95µm
gpio2_in[31],590.035µm
gpio2_out[29],589.495µm
gpio2_dir[9],584.215µm
gpio2_in[22],583.735µm
gpio2_in[29],583.655µm
cpu_awaddr\[14\],582.83µm
cpu_awaddr\[4\],580.695µm
gpio2_dir[13],578.355µm
gpio2_dir[2],576.065µm
gpio2_dir[7],570.655µm
cpu_wdata\[3\],567.595µm
gpio2_in[23],564.975µm
cpu_awprot\[0\],564.375µm
gpio2_in[20],564.115µm
cpu_awaddr\[21\],562.175µm
gpio2_dir[8],560.215µm
cpu_awprot\[2\],559.05µm
gpio2_in[24],558.275µm
gpio2_dir[3],557.215µm
gpio2_in[19],556.815µm
gpio2_in[18],556.15µm
gpio2_dir[6],555.655µm
cpu_awaddr\[12\],555.46µm
gpio2_out[2],553.275µm
gpio2_dir[5],553.255µm
gpio2_dir[4],552.895µm
gpio2_dir[10],548.31µm
gpio2_out[11],547.515µm
gpio2_in[28],546.675µm
gpio2_dir[11],545.335µm
gpio2_dir[12],545.215µm
gpio2_in[5],545.03µm
gpio2_out[12],544.875µm
gpio2_out[1],542.595µm
gpio2_in[26],542.135µm
gpio2_in[27],540.015µm
gpio2_dir[15],536.815µm
gpio2_out[5],536.475µm
gpio2_out[0],534.195µm
gpio2_in[8],531.605µm
gpio2_dir[14],531.535µm
gpio2_dir[17],525.005µm
gpio2_out[7],524.82µm
gpio2_in[21],523.32µm
gpio2_in[10],523.105µm
gpio2_dir[16],522.815µm
gpio2_in[25],522.735µm
gpio2_dir[18],521.575µm
gpio2_in[6],519.69µm
gpio2_in[11],519.015µm
gpio2_in[7],518.275µm
gpio2_dir[21],518.255µm
gpio2_in[12],517.5µm
gpio2_dir[19],516.655µm
gpio2_in[14],516.105µm
gpio2_dir[29],515.145µm
gpio2_dir[26],514.71µm
gpio2_dir[28],514.305µm
gpio2_dir[20],512.79µm
gpio2_in[15],512.325µm
gpio2_in[17],511.32µm
gpio2_dir[27],510.66µm
cpu_awaddr\[7\],509.78µm
gpio2_dir[22],509.505µm
gpio2_dir[25],508.775µm
gpio2_in[16],508.445µm
gpio2_dir[23],507.4µm
gpio2_in[13],507.105µm
gpio2_dir[30],506.37µm
gpio2_in[30],505.455µm
gpio2_dir[24],505.425µm
gpio2_dir[31],504.735µm
gpio2_in[9],502.635µm
gpio2_in[3],500.335µm
cpu_awready,499.62µm
gpio2_in[2],495.055µm
gpio2_in[4],494.895µm
cpu_awaddr\[11\],492.255µm
gpio2_in[1],490.97µm
gpio2_in[0],488.175µm
cpu_awvalid,416.99µm
cpu_awaddr\[8\],403.67µm
spi_cs_n,340.48µm
cpu_awaddr\[1\],334.41µm
cpu_awaddr\[0\],325.68µm
cpu_awaddr\[6\],319.36µm
spi_miso,311.36µm
cpu_awaddr\[5\],310.695µm
gpio1_in[23],310.67µm
gpio1_in[31],309.12µm
gpio1_in[30],307.835µm
gpio1_in[25],305.1µm
gpio1_out[15],304.36µm
gpio1_out[30],304.36µm
gpio1_dir[0],303.4µm
gpio1_dir[10],303.4µm
gpio1_dir[11],303.4µm
gpio1_dir[12],303.4µm
gpio1_dir[13],303.4µm
gpio1_dir[14],303.4µm
gpio1_dir[15],303.4µm
gpio1_dir[16],303.4µm
gpio1_dir[17],303.4µm
gpio1_dir[18],303.4µm
gpio1_dir[19],303.4µm
gpio1_dir[1],303.4µm
gpio1_dir[20],303.4µm
gpio1_dir[21],303.4µm
gpio1_dir[22],303.4µm
gpio1_dir[23],303.4µm
gpio1_dir[24],303.4µm
gpio1_dir[25],303.4µm
gpio1_dir[26],303.4µm
gpio1_dir[27],303.4µm
gpio1_dir[28],303.4µm
gpio1_dir[29],303.4µm
gpio1_dir[2],303.4µm
gpio1_dir[30],303.4µm
gpio1_dir[31],303.4µm
gpio1_dir[3],303.4µm
gpio1_dir[4],303.4µm
gpio1_dir[5],303.4µm
gpio1_dir[6],303.4µm
gpio1_dir[7],303.4µm
gpio1_dir[8],303.4µm
gpio1_dir[9],303.4µm
gpio1_out[10],303.4µm
gpio1_out[11],303.4µm
gpio1_out[12],303.4µm
gpio1_out[13],303.4µm
gpio1_out[14],303.4µm
gpio1_out[16],303.4µm
gpio1_out[17],303.4µm
gpio1_out[18],303.4µm
gpio1_out[19],303.4µm
gpio1_out[1],303.4µm
gpio1_out[20],303.4µm
gpio1_out[21],303.4µm
gpio1_out[22],303.4µm
gpio1_out[23],303.4µm
gpio1_out[24],303.4µm
gpio1_out[25],303.4µm
gpio1_out[26],303.4µm
gpio1_out[27],303.4µm
gpio1_out[28],303.4µm
gpio1_out[29],303.4µm
gpio1_out[2],303.4µm
gpio1_out[31],303.4µm
gpio1_out[3],303.4µm
gpio1_out[4],303.4µm
gpio1_out[5],303.4µm
gpio1_out[6],303.4µm
gpio1_out[7],303.4µm
gpio1_out[8],303.4µm
gpio1_out[9],303.4µm
gpio1_in[27],298.71µm
gpio1_in[29],296.2µm
gpio1_in[28],295.24µm
gpio1_in[26],292.36µm
gpio1_in[24],289.815µm
gpio1_in[22],288.775µm
gpio1_out[0],287.52µm
gpio1_in[20],286.915µm
gpio1_in[14],286.12µm
gpio1_in[19],285.055µm
gpio1_in[18],283.615µm
gpio1_in[16],283.015µm
gpio1_in[15],280.36µm
gpio1_in[8],277µm
gpio1_in[7],275.56µm
gpio1_in[3],274.87µm
gpio1_in[6],274.12µm
gpio0_dir[0],273.11µm
gpio1_in[1],272.98µm
gpio1_in[4],272.68µm
gpio1_in[21],271.49µm
gpio1_in[2],269.8µm
gpio1_in[0],268.925µm
gpio1_in[17],268.55µm
spi_sclk,268.25µm
gpio1_in[12],267.58µm
gpio0_out[31],265.43µm
gpio1_in[11],263.705µm
gpio0_out[30],263.63µm
cpu_awaddr\[2\],263.37µm
gpio0_out[29],260.99µm
gpio0_out[28],259.19µm
gpio1_in[13],258.69µm
gpio1_in[9],257.82µm
gpio0_out[27],257.39µm
gpio0_out[26],255.59µm
gpio0_out[25],253.79µm
gpio1_in[10],253.24µm
gpio1_in[5],253.16µm
gpio0_out[24],251.99µm
gpio0_out[23],250.19µm
gpio0_out[9],250.19µm
gpio0_out[22],248.39µm
gpio0_out[8],248.39µm
gpio0_dir[31],248.27µm
gpio0_out[21],246.59µm
gpio0_out[7],246.59µm
gpio0_dir[30],246.47µm
gpio0_out[20],244.79µm
gpio0_out[6],244.79µm
gpio0_out[5],242.99µm
gpio0_dir[28],242.87µm
gpio0_out[19],242.15µm
gpio0_out[4],241.19µm
gpio0_dir[27],241.07µm
gpio0_out[18],240.35µm
gpio0_out[3],239.39µm
gpio0_dir[26],239.27µm
gpio0_out[17],238.55µm
gpio0_out[16],236.75µm
gpio0_dir[24],236.51µm
gpio0_dir[29],236.015µm
gpio0_out[2],235.91µm
gpio0_out[15],234.95µm
gpio0_dir[23],234.71µm
gpio0_out[14],233.15µm
gpio0_dir[22],232.91µm
gpio0_dir[25],231.92µm
gpio0_dir[9],231.35µm
gpio0_out[13],231.35µm
gpio0_dir[20],230.15µm
gpio0_dir[8],229.55µm
gpio0_out[12],229.55µm
gpio0_in[31],227.88µm
gpio0_out[11],227.75µm
gpio0_dir[19],227.51µm
gpio0_dir[6],226.79µm
gpio0_dir[21],226.655µm
gpio0_out[10],225.95µm
gpio0_out[1],225.71µm
gpio0_dir[18],225.24µm
gpio0_dir[5],224.99µm
gpio0_dir[17],224.75µm
gpio0_dir[14],223.55µm
gpio0_in[30],223.44µm
gpio0_dir[4],223.19µm
gpio0_dir[16],222.95µm
gpio0_in[29],221.75µm
gpio0_dir[15],221.15µm
gpio0_dir[2],218.75µm
gpio0_dir[13],218.39µm
gpio0_dir[11],217.31µm
gpio0_dir[12],216.59µm
gpio0_dir[7],216.575µm
gpio0_in[28],216.36µm
gpio0_dir[10],215.51µm
gpio0_out[0],215.51µm
gpio0_in[24],213.35µm
gpio0_dir[3],211.895µm
gpio0_in[27],211.67µm
gpio0_in[26],211.545µm
gpio0_dir[1],211.07µm
gpio0_in[9],209.985µm
gpio0_in[23],206.63µm
gpio0_in[8],205.91µm
gpio0_in[7],204.845µm
gpio0_in[22],203.39µm
gpio0_in[20],202.175µm
gpio0_in[19],200.87µm
gpio0_in[5],200.15µm
spi_mosi,199.955µm
gpio0_in[17],199.895µm
gpio0_in[6],198.95µm
gpio0_in[2],197.4µm
gpio0_in[3],197.04µm
gpio0_in[4],196.92µm
gpio0_in[16],195.005µm
gpio0_in[15],189.735µm
gpio0_in[12],189.59µm
gpio0_in[11],189.53µm
gpio0_in[13],189.225µm
gpio0_in[1],180.23µm
gpio0_in[25],176.615µm
gpio0_in[0],173.04µm
gpio0_in[21],173.03µm
gpio0_in[18],168.215µm
gpio0_in[14],166.055µm
gpio0_in[10],159.95µm
